Id_Departamento;Departamento;Id_Municipio;Municipio;Latitud;Longitud
5;Antioquia;5001;Medellín;6,257590259;-75,61103107
5;Antioquia;5002;Abejorral;5,803728154;-75,43847353
5;Antioquia;5004;Abriaquí;6,627569378;-76,08597756
5;Antioquia;5021;Alejandría;6,365534125;-75,09059702
5;Antioquia;5030;Amagá;6,032921994;-75,7080031
5;Antioquia;5031;Amalfi;6,977788843;-74,9812393
5;Antioquia;5034;Andes;5,604993248;-75,94128391
5;Antioquia;5036;Angelópolis;6,121430303;-75,71594966
5;Antioquia;5038;Angostura;6,861498764;-75,358316
5;Antioquia;5040;Anorí;7,193110778;-75,10848954
5;Antioquia;5042;Santa Fé De Antioquia;6,535711576;-75,90426658
5;Antioquia;5044;Anzá;6,293546613;-75,91736927
5;Antioquia;5045;Apartadó;7,86047815;-76,58236264
5;Antioquia;5051;Arboletes;8,611395262;-76,41478317
5;Antioquia;5055;Argelia;5,708114524;-75,09469795
5;Antioquia;5059;Armenia;6,163683758;-75,80995528
5;Antioquia;5079;Barbosa;6,443417935;-75,32924085
5;Antioquia;5086;Belmira;6,665853953;-75,68621659
5;Antioquia;5088;Bello;6,358841086;-75,58973588
5;Antioquia;5091;Betania;5,727081285;-75,98689107
5;Antioquia;5093;Betulia;6,185783612;-75,95649246
5;Antioquia;5101;Ciudad Bolívar;5,840995666;-76,01065253
5;Antioquia;5107;Briceño;7,111788462;-75,56223474
5;Antioquia;5113;Buriticá;6,80906489;-75,91206595
5;Antioquia;5120;Cáceres;7,665155105;-75,22369744
5;Antioquia;5125;Caicedo;6,423463639;-75,99351498
5;Antioquia;5129;Caldas;6,054446841;-75,62642674
5;Antioquia;5134;Campamento;7,036017478;-75,28766178
5;Antioquia;5138;Cañasgordas;6,814950023;-76,02689632
5;Antioquia;5142;Caracolí;6,33797388;-74,73354817
5;Antioquia;5145;Caramanta;5,555275296;-75,63082096
5;Antioquia;5147;Carepa;7,757967437;-76,64374657
5;Antioquia;5148;El Carmen De Viboral;5,978078841;-75,2635361
5;Antioquia;5150;Carolina;6,754821442;-75,30590654
5;Antioquia;5154;Caucasia;7,867941792;-75,03501824
5;Antioquia;5172;Chigorodó;7,631665644;-76,63964213
5;Antioquia;5190;Cisneros;6,550065431;-75,08254116
5;Antioquia;5197;Cocorná;6,005593074;-75,16015403
5;Antioquia;5206;Concepción;6,376106187;-75,21785901
5;Antioquia;5209;Concordia;6,057468678;-75,90014678
5;Antioquia;5212;Copacabana;6,351882893;-75,50075633
5;Antioquia;5234;Dabeiba;6,992243782;-76,31426328
5;Antioquia;5237;Donmatías;6,492403905;-75,42227687
5;Antioquia;5240;Ebéjico;6,326444922;-75,78331175
5;Antioquia;5250;El Bagre;7,704633351;-74,66427726
5;Antioquia;5264;Entrerríos;6,594656004;-75,55913083
5;Antioquia;5266;Envigado;6,154394922;-75,54686779
5;Antioquia;5282;Fredonia;5,887702934;-75,67926242
5;Antioquia;5284;Frontino;6,691364773;-76,33199656
5;Antioquia;5306;Giraldo;6,663095863;-75,94804663
5;Antioquia;5308;Girardota;6,379745895;-75,44795744
5;Antioquia;5310;Gómez Plata;6,709562839;-75,19270291
5;Antioquia;5313;Granada;6,123380721;-75,12763646
5;Antioquia;5315;Guadalupe;6,861576325;-75,22591303
5;Antioquia;5318;Guarne;6,266625703;-75,43730801
5;Antioquia;5321;Guatapé;6,236329826;-75,15651272
5;Antioquia;5347;Heliconia;6,214511788;-75,74971002
5;Antioquia;5353;Hispania;5,797039002;-75,90669203
5;Antioquia;5360;Itagüí;6,179279438;-75,6142037
5;Antioquia;5361;Ituango;7,341549718;-75,67842277
5;Antioquia;5364;Jardín;5,574444339;-75,81842575
5;Antioquia;5368;Jericó;5,769820536;-75,76488256
5;Antioquia;5376;La Ceja;5,992524843;-75,43086935
5;Antioquia;5380;La Estrella;6,137595883;-75,64895499
5;Antioquia;5390;La Pintada;5,746583958;-75,60220206
5;Antioquia;5400;La Unión;5,940434685;-75,35429023
5;Antioquia;5411;Liborina;6,723990935;-75,78300046
5;Antioquia;5425;Maceo;6,534573585;-74,71410854
5;Antioquia;5440;Marinilla;6,18520515;-75,30487933
5;Antioquia;5467;Montebello;5,916853903;-75,51972693
5;Antioquia;5475;Murindó;6,828773855;-76,70861349
5;Antioquia;5480;Mutatá;7,329557848;-76,4630657
5;Antioquia;5483;Nariño;5,581275312;-75,19457019
5;Antioquia;5490;Necoclí;8,493728551;-76,67699588
5;Antioquia;5495;Nechí;7,983477394;-74,65844186
5;Antioquia;5501;Olaya;6,611418083;-75,77567097
5;Antioquia;5541;Peñol;6,232396368;-75,22350906
5;Antioquia;5543;Peque;7,044180058;-75,88968843
5;Antioquia;5576;Pueblorrico;5,80970186;-75,86076667
5;Antioquia;5579;Puerto Berrío;6,481922267;-74,5287421
5;Antioquia;5585;Puerto Nare;6,126539139;-74,70317722
5;Antioquia;5591;Puerto Triunfo;5,954830151;-74,6861918
5;Antioquia;5604;Remedios;6,997267375;-74,55865652
5;Antioquia;5607;Retiro;6,053444254;-75,51573805
5;Antioquia;5615;Rionegro;6,150785807;-75,41076052
5;Antioquia;5628;Sabanalarga;6,901000506;-75,79222754
5;Antioquia;5631;Sabaneta;6,138305183;-75,60880599
5;Antioquia;5642;Salgar;5,970502334;-75,98137251
5;Antioquia;5647;San Andrés De Cuerquía;6,918427233;-75,6657758
5;Antioquia;5649;San Carlos;6,193789659;-74,90732769
5;Antioquia;5652;San Francisco;5,840093731;-74,98176334
5;Antioquia;5656;San Jerónimo;6,438300409;-75,70310727
5;Antioquia;5658;San José De La Montaña;6,823258913;-75,67770826
5;Antioquia;5659;San Juan De Urabá;8,707141583;-76,53248234
5;Antioquia;5660;San Luis;6,024205956;-75,0076674
5;Antioquia;5664;San Pedro De Los Milagros;6,458666308;-75,5624839
5;Antioquia;5665;San Pedro De Urabá;8,37915695;-76,31664233
5;Antioquia;5667;San Rafael;6,31074453;-74,99858652
5;Antioquia;5670;San Roque;6,466165211;-74,9450732
5;Antioquia;5674;San Vicente Ferrer;6,310387522;-75,32740163
5;Antioquia;5679;Santa Bárbara;5,878984956;-75,58330371
5;Antioquia;5686;Santa Rosa De Osos;6,675827825;-75,43814333
5;Antioquia;5690;Santo Domingo;6,481044132;-75,14260097
5;Antioquia;5697;El Santuario;6,124209495;-75,25212278
5;Antioquia;5736;Segovia;7,26692339;-74,62163926
5;Antioquia;5756;Sonsón;5,826388779;-74,83637623
5;Antioquia;5761;Sopetrán;6,520164552;-75,74580903
5;Antioquia;5789;Támesis;5,673758571;-75,70979974
5;Antioquia;5790;Tarazá;7,488875998;-75,40189438
5;Antioquia;5792;Tarso;5,871064557;-75,82871144
5;Antioquia;5809;Titiribí;6,058349971;-75,79966005
5;Antioquia;5819;Toledo;7,016397069;-75,71363382
5;Antioquia;5837;Turbo;8,173851745;-76,5740377
5;Antioquia;5842;Uramita;6,913916924;-76,13318514
5;Antioquia;5847;Urrao;6,33534134;-76,25906482
5;Antioquia;5854;Valdivia;7,265404213;-75,40094502
5;Antioquia;5856;Valparaíso;5,651937802;-75,63083412
5;Antioquia;5858;Vegachí;6,836535122;-74,7540302
5;Antioquia;5861;Venecia;5,956576355;-75,77722423
5;Antioquia;5873;Vigía Del Fuerte;6,453351334;-76,69504802
5;Antioquia;5885;Yalí;6,716870679;-74,75565002
5;Antioquia;5887;Yarumal;6,9881309;-75,45439957
5;Antioquia;5890;Yolombó;6,64442786;-75,02990266
5;Antioquia;5893;Yondó;6,925159318;-74,15824041
5;Antioquia;5895;Zaragoza;7,474004006;-74,85848326
8;Atlántico;8001;Barranquilla;10,98152051;-74,82771544
8;Atlántico;8078;Baranoa;10,79329302;-74,92219491
8;Atlántico;8137;Campo De La Cruz;10,38405079;-74,88466039
8;Atlántico;8141;Candelaria;10,48902047;-74,87756627
8;Atlántico;8296;Galapa;10,89771991;-74,88708788
8;Atlántico;8372;Juan De Acosta;10,82306503;-75,07841904
8;Atlántico;8421;Luruaco;10,63503116;-75,15402741
8;Atlántico;8433;Malambo;10,84828864;-74,80617555
8;Atlántico;8436;Manatí;10,45414555;-74,98477367
8;Atlántico;8520;Palmar De Varela;10,69481208;-74,7701509
8;Atlántico;8549;Piojó;10,74078959;-75,14366034
8;Atlántico;8558;Polonuevo;10,76740141;-74,85414844
8;Atlántico;8560;Ponedera;10,59465102;-74,79847316
8;Atlántico;8573;Puerto Colombia;11,0044226;-74,9074058
8;Atlántico;8606;Repelón;10,50757051;-75,12188053
8;Atlántico;8634;Sabanagrande;10,79894015;-74,7687966
8;Atlántico;8638;Sabanalarga;10,62250777;-74,95510542
8;Atlántico;8675;Santa Lucía;10,35364192;-74,96541179
8;Atlántico;8685;Santo Tomás;10,75562656;-74,78726468
8;Atlántico;8758;Soledad;10,9069066;-74,7784249
8;Atlántico;8770;Suan;10,31085035;-74,90713308
8;Atlántico;8832;Tubará;10,90721938;-74,98423293
8;Atlántico;8849;Usiacurí;10,74052266;-74,98267413
11;Bogotá, D.C.;11001;Bogotá, D.C.;4,316107698;-74,1810727
13;Bolívar;13001;Cartagena De Indias;10,46343362;-75,45889915
13;Bolívar;13006;Achí;8,622943262;-74,47805945
13;Bolívar;13030;Altos Del Rosario;8,757468863;-74,19515811
13;Bolívar;13042;Arenal;8,362996158;-74,10301905
13;Bolívar;13052;Arjona;10,16422123;-75,37121788
13;Bolívar;13062;Arroyohondo;10,24171805;-75,02690422
13;Bolívar;13074;Barranco De Loba;8,837077654;-74,27966531
13;Bolívar;13140;Calamar;10,15517098;-74,99995949
13;Bolívar;13160;Cantagallo;7,239229146;-74,10014043
13;Bolívar;13188;Cicuco;9,235268598;-74,68840962
13;Bolívar;13212;Córdoba;9,540047515;-74,89445635
13;Bolívar;13222;Clemencia;10,55663696;-75,31446653
13;Bolívar;13244;El Carmen De Bolívar;9,699819876;-75,15793573
13;Bolívar;13248;El Guamo;10,03483672;-74,92811072
13;Bolívar;13268;El Peñón;8,864818786;-73,91230147
13;Bolívar;13300;Hatillo De Loba;8,981717133;-74,09071902
13;Bolívar;13430;Magangué;9,053135895;-74,70539318
13;Bolívar;13433;Mahates;10,17821391;-75,17978161
13;Bolívar;13440;Margarita;9,054601889;-74,22584706
13;Bolívar;13442;María La Baja;9,976017168;-75,34380265
13;Bolívar;13458;Montecristo;8,01710024;-74,46342911
13;Bolívar;13468;Santa Cruz De Mompox;9,142512064;-74,54519906
13;Bolívar;13473;Morales;8,253700061;-73,9713459
13;Bolívar;13490;Norosí;8,50613476;-74,11588912
13;Bolívar;13549;Pinillos;8,886315511;-74,40888476
13;Bolívar;13580;Regidor;8,672628558;-73,91450679
13;Bolívar;13600;Río Viejo;8,559982465;-73,90298668
13;Bolívar;13620;San Cristóbal;10,36972087;-75,07333835
13;Bolívar;13647;San Estanislao;10,36468192;-75,20523487
13;Bolívar;13650;San Fernando;9,081483143;-74,37186647
13;Bolívar;13654;San Jacinto;9,835362011;-75,10609201
13;Bolívar;13655;San Jacinto Del Cauca;8,212463202;-74,75082
13;Bolívar;13657;San Juan Nepomuceno;9,967957823;-75,06571959
13;Bolívar;13667;San Martín De Loba;8,816088444;-74,00599967
13;Bolívar;13670;San Pablo;7,507922612;-74,10356977
13;Bolívar;13673;Santa Catalina;10,64981278;-75,26548463
13;Bolívar;13683;Santa Rosa;10,46920726;-75,36116053
13;Bolívar;13688;Santa Rosa Del Sur;7,772519173;-74,26272843
13;Bolívar;13744;Simití;7,851315534;-73,98371609
13;Bolívar;13760;Soplaviento;10,33209031;-75,11699226
13;Bolívar;13780;Talaigua Nuevo;9,269516705;-74,58695233
13;Bolívar;13810;Tiquisio;8,492345176;-74,29676139
13;Bolívar;13836;Turbaco;10,35310756;-75,37971541
13;Bolívar;13838;Turbana;10,25276929;-75,43270299
13;Bolívar;13873;Villanueva;10,4449132;-75,26736275
13;Bolívar;13894;Zambrano;9,745147021;-74,88067037
15;Boyacá;15001;Tunja;5,518472615;-73,37801856
15;Boyacá;15022;Almeida;4,954825081;-73,38813425
15;Boyacá;15047;Aquitania;5,437416373;-72,87149471
15;Boyacá;15051;Arcabuco;5,73526424;-73,42793109
15;Boyacá;15087;Belén;6,005059265;-72,89369887
15;Boyacá;15090;Berbeo;5,230936356;-73,12731944
15;Boyacá;15092;Betéitiva;5,920858933;-72,84857876
15;Boyacá;15097;Boavita;6,337515626;-72,62021239
15;Boyacá;15104;Boyacá;5,439856216;-73,38136994
15;Boyacá;15106;Briceño;5,673229265;-73,92660705
15;Boyacá;15109;Buenavista;5,489399419;-73,95066255
15;Boyacá;15114;Busbanzá;5,843483731;-72,87574623
15;Boyacá;15131;Caldas;5,575990669;-73,88057508
15;Boyacá;15135;Campohermoso;5,006862536;-73,1446703
15;Boyacá;15162;Cerinza;5,962013698;-72,96447288
15;Boyacá;15172;Chinavita;5,202971639;-73,34048074
15;Boyacá;15176;Chiquinquirá;5,622488024;-73,80424531
15;Boyacá;15180;Chiscas;6,68911806;-72,41795675
15;Boyacá;15183;Chita;6,091468485;-72,43903174
15;Boyacá;15185;Chitaraque;5,984394625;-73,42582375
15;Boyacá;15187;Chivatá;5,556830465;-73,26061715
15;Boyacá;15189;Ciénega;5,393059633;-73,28205772
15;Boyacá;15204;Cómbita;5,667822366;-73,32137049
15;Boyacá;15212;Coper;5,452461072;-74,05996578
15;Boyacá;15215;Corrales;5,82454582;-72,84544845
15;Boyacá;15218;Covarachía;6,519521476;-72,74020421
15;Boyacá;15223;Cubará;6,886954878;-72,18156285
15;Boyacá;15224;Cucaita;5,527104109;-73,44598646
15;Boyacá;15226;Cuítiva;5,58775449;-72,93953686
15;Boyacá;15232;Chíquiza;5,643075648;-73,44562391
15;Boyacá;15236;Chivor;4,871181606;-73,36142379
15;Boyacá;15238;Duitama;5,890602515;-73,06709484
15;Boyacá;15244;El Cocuy;6,353363177;-72,41923752
15;Boyacá;15248;El Espino;6,508240556;-72,48049625
15;Boyacá;15272;Firavitoba;5,67367659;-73,01983352
15;Boyacá;15276;Floresta;5,85899211;-72,92499827
15;Boyacá;15293;Gachantivá;5,744105975;-73,5426552
15;Boyacá;15296;Gámeza;5,799050256;-72,72964765
15;Boyacá;15299;Garagoa;5,089466651;-73,31430272
15;Boyacá;15317;Guacamayas;6,445438546;-72,51635332
15;Boyacá;15322;Guateque;5,01450831;-73,48812352
15;Boyacá;15325;Guayatá;4,931424341;-73,49663372
15;Boyacá;15332;Güicán De La Sierra;6,566991765;-72,25599334
15;Boyacá;15362;Iza;5,617366016;-72,96986504
15;Boyacá;15367;Jenesano;5,38916272;-73,40087021
15;Boyacá;15368;Jericó;6,155633662;-72,58523093
15;Boyacá;15377;Labranzagrande;5,541378132;-72,5903846
15;Boyacá;15380;La Capilla;5,113167102;-73,45923708
15;Boyacá;15401;La Victoria;5,507008121;-74,24162727
15;Boyacá;15403;La Uvita;6,265126191;-72,55551085
15;Boyacá;15407;Villa De Leyva;5,665762424;-73,514948
15;Boyacá;15425;Macanal;4,980176495;-73,29413695
15;Boyacá;15442;Maripí;5,569810633;-74,02003127
15;Boyacá;15455;Miraflores;5,150953297;-73,17896722
15;Boyacá;15464;Mongua;5,710937981;-72,63402875
15;Boyacá;15466;Monguí;5,697352228;-72,83298664
15;Boyacá;15469;Moniquirá;5,863370485;-73,55852538
15;Boyacá;15476;Motavita;5,606192449;-73,37734267
15;Boyacá;15480;Muzo;5,539429272;-74,11177139
15;Boyacá;15491;Nobsa;5,778759851;-72,93268324
15;Boyacá;15494;Nuevo Colón;5,354701485;-73,44873424
15;Boyacá;15500;Oicatá;5,610787844;-73,27991905
15;Boyacá;15507;Otanche;5,753787787;-74,19719423
15;Boyacá;15511;Pachavita;5,148323877;-73,39951219
15;Boyacá;15514;Páez;5,095211035;-73,00435863
15;Boyacá;15516;Paipa;5,762027786;-73,13777442
15;Boyacá;15518;Pajarito;5,382328949;-72,69672674
15;Boyacá;15522;Panqueba;6,443299758;-72,46182431
15;Boyacá;15531;Pauna;5,688801559;-74,00504122
15;Boyacá;15533;Paya;5,621242742;-72,3692906
15;Boyacá;15537;Paz De Río;6,030008561;-72,75988018
15;Boyacá;15542;Pesca;5,498483324;-73,07837993
15;Boyacá;15550;Pisba;5,768131812;-72,43993232
15;Boyacá;15572;Puerto Boyacá;5,953466654;-74,4528581
15;Boyacá;15580;Quípama;5,595729831;-74,26857067
15;Boyacá;15599;Ramiriquí;5,319934092;-73,310779
15;Boyacá;15600;Ráquira;5,496268621;-73,62894438
15;Boyacá;15621;Rondón;5,379947879;-73,19650995
15;Boyacá;15632;Saboyá;5,699926051;-73,74799466
15;Boyacá;15638;Sáchica;5,573464882;-73,543102
15;Boyacá;15646;Samacá;5,47053997;-73,5211756
15;Boyacá;15660;San Eduardo;5,234614686;-73,04914067
15;Boyacá;15664;San José De Pare;5,994154088;-73,54386522
15;Boyacá;15667;San Luis De Gaceno;4,798203543;-73,13397018
15;Boyacá;15673;San Mateo;6,395388812;-72,55184862
15;Boyacá;15676;San Miguel De Sema;5,532326922;-73,74715898
15;Boyacá;15681;San Pablo De Borbur;5,677345066;-74,11403749
15;Boyacá;15686;Santana;6,057614971;-73,48974828
15;Boyacá;15690;Santa María;4,823002556;-73,25377506
15;Boyacá;15693;Santa Rosa De Viterbo;5,892950301;-72,9917278
15;Boyacá;15696;Santa Sofía;5,731602716;-73,60366287
15;Boyacá;15720;Sativanorte;6,13211793;-72,73032415
15;Boyacá;15723;Sativasur;6,083405978;-72,72410815
15;Boyacá;15740;Siachoque;5,498747701;-73,21681778
15;Boyacá;15753;Soatá;6,323088045;-72,69604089
15;Boyacá;15755;Socotá;5,906513772;-72,53646361
15;Boyacá;15757;Socha;5,960498836;-72,68239784
15;Boyacá;15759;Sogamoso;5,646672053;-72,8709565
15;Boyacá;15761;Somondoco;4,970974064;-73,42878785
15;Boyacá;15762;Sora;5,580573191;-73,44371838
15;Boyacá;15763;Sotaquirá;5,763010553;-73,24352232
15;Boyacá;15764;Soracá;5,494890461;-73,31899997
15;Boyacá;15774;Susacón;6,215200578;-72,71575634
15;Boyacá;15776;Sutamarchán;5,640030759;-73,62598773
15;Boyacá;15778;Sutatenza;5,030711335;-73,41224401
15;Boyacá;15790;Tasco;5,882294313;-72,72626817
15;Boyacá;15798;Tenza;5,071413139;-73,42479699
15;Boyacá;15804;Tibaná;5,301116649;-73,3932521
15;Boyacá;15806;Tibasosa;5,747329389;-73,01114724
15;Boyacá;15808;Tinjacá;5,577566497;-73,67614572
15;Boyacá;15810;Tipacoque;6,42035349;-72,69463583
15;Boyacá;15814;Toca;5,580254287;-73,1606969
15;Boyacá;15816;Togüí;5,921830062;-73,48921806
15;Boyacá;15820;Tópaga;5,765350303;-72,83672958
15;Boyacá;15822;Tota;5,501297215;-72,99633297
15;Boyacá;15832;Tununguá;5,720301516;-73,94330927
15;Boyacá;15835;Turmequé;5,305697418;-73,50908714
15;Boyacá;15837;Tuta;5,678126998;-73,17343053
15;Boyacá;15839;Tutazá;6,078051903;-72,85707832
15;Boyacá;15842;Úmbita;5,217241368;-73,46338477
15;Boyacá;15861;Ventaquemada;5,383385481;-73,52097942
15;Boyacá;15879;Viracachá;5,440558216;-73,26627456
15;Boyacá;15897;Zetaquira;5,285635983;-73,16763091
17;Caldas;17001;Manizales;5,08343301;-75,50727881
17;Caldas;17013;Aguadas;5,616204006;-75,4554471
17;Caldas;17042;Anserma;5,20029922;-75,75289078
17;Caldas;17050;Aranzazu;5,265539969;-75,47392619
17;Caldas;17088;Belalcázar;4,99467728;-75,81225989
17;Caldas;17174;Chinchiná;4,974340569;-75,65954686
17;Caldas;17272;Filadelfia;5,285743777;-75,58978784
17;Caldas;17380;La Dorada;5,410515691;-74,72114262
17;Caldas;17388;La Merced;5,393185716;-75,55791071
17;Caldas;17433;Manzanares;5,23295391;-75,15263447
17;Caldas;17442;Marmato;5,492632029;-75,60209955
17;Caldas;17444;Marquetalia;5,309142491;-75,04117892
17;Caldas;17446;Marulanda;5,235585244;-75,28316648
17;Caldas;17486;Neira;5,183358589;-75,50692977
17;Caldas;17495;Norcasia;5,638062349;-74,85492707
17;Caldas;17513;Pácora;5,500035035;-75,48245057
17;Caldas;17524;Palestina;5,050342543;-75,66176266
17;Caldas;17541;Pensilvania;5,407187836;-75,16683996
17;Caldas;17614;Riosucio;5,442275418;-75,75220499
17;Caldas;17616;Risaralda;5,097563816;-75,73335166
17;Caldas;17653;Salamina;5,370332425;-75,40962177
17;Caldas;17662;Samaná;5,519692873;-74,99718577
17;Caldas;17665;San José;5,083424513;-75,8101789
17;Caldas;17777;Supía;5,45295802;-75,64035705
17;Caldas;17867;Victoria;5,447542859;-74,83622502
17;Caldas;17873;Villamaría;4,940211591;-75,43544014
17;Caldas;17877;Viterbo;5,047822054;-75,879297
18;Caquetá;18001;Florencia;1,749138704;-75,55823906
18;Caquetá;18029;Albania;1,22786549;-75,88232651
18;Caquetá;18094;Belén De Los Andaquíes;1,536174657;-75,90947504
18;Caquetá;18150;Cartagena Del Chairá;0,647693081;-74,27235499
18;Caquetá;18205;Curillo;1,115379292;-75,97328452
18;Caquetá;18247;El Doncello;1,713734697;-75,26878109
18;Caquetá;18256;El Paujíl;1,476630016;-75,20231825
18;Caquetá;18410;La Montañita;1,302860442;-75,23572732
18;Caquetá;18460;Milán;1,146692554;-75,38664764
18;Caquetá;18479;Morelia;1,38299611;-75,67381123
18;Caquetá;18592;Puerto Rico;2,018940891;-75,07308627
18;Caquetá;18610;San José Del Fragua;1,304702314;-76,11000594
18;Caquetá;18753;San Vicente Del Caguán;1,308465061;-74,19746971
18;Caquetá;18756;Solano;0,096131862;-72,32036402
18;Caquetá;18785;Solita;0,943939454;-75,64668544
18;Caquetá;18860;Valparaíso;1,07534915;-75,73779004
19;Cauca;19001;Popayán;2,471704362;-76,59194419
19;Cauca;19022;Almaguer;1,912440521;-76,83494519
19;Cauca;19050;Argelia;2,329337283;-77,26314906
19;Cauca;19075;Balboa;2,084732945;-77,2088133
19;Cauca;19100;Bolívar;1,853951938;-76,96337454
19;Cauca;19110;Buenos Aires;2,988923885;-76,62158951
19;Cauca;19130;Cajibío;2,643209848;-76,70138914
19;Cauca;19137;Caldono;2,803845691;-76,42719377
19;Cauca;19142;Caloto;3,062875557;-76,32127977
19;Cauca;19212;Corinto;3,136753606;-76,20964569
19;Cauca;19256;El Tambo;2,534488312;-77,00511207
19;Cauca;19290;Florencia;1,69453474;-77,08735723
19;Cauca;19300;Guachené;3,144389993;-76,39234811
19;Cauca;19318;Guapi;2,41326696;-77,69047531
19;Cauca;19355;Inzá;2,499058783;-76,13762531
19;Cauca;19364;Jambaló;2,84981013;-76,31124919
19;Cauca;19392;La Sierra;2,187473572;-76,78228032
19;Cauca;19397;La Vega;2,053933426;-76,7588062
19;Cauca;19418;López De Micay;2,95819877;-77,24212158
19;Cauca;19450;Mercaderes;1,793825164;-77,18060381
19;Cauca;19455;Miranda;3,228235212;-76,21670827
19;Cauca;19473;Morales;2,773663981;-76,74605152
19;Cauca;19513;Padilla;3,194730618;-76,3362418
19;Cauca;19517;Páez;2,733887702;-75,99368264
19;Cauca;19532;Patía;2,157983906;-77,0465762
19;Cauca;19533;Piamonte;1,054128816;-76,4443271
19;Cauca;19548;Piendamó - Tunía;2,702420026;-76,53770455
19;Cauca;19573;Puerto Tejada;3,266724205;-76,41846353
19;Cauca;19585;Puracé;2,262153618;-76,44826938
19;Cauca;19622;Rosas;2,260421954;-76,74582033
19;Cauca;19693;San Sebastián;1,856261815;-76,71652424
19;Cauca;19698;Santander De Quilichao;2,984467338;-76,49873145
19;Cauca;19701;Santa Rosa;1,52002179;-76,53876281
19;Cauca;19743;Silvia;2,651291894;-76,35057356
19;Cauca;19760;Sotará Paispamba;2,231820541;-76,61146633
19;Cauca;19780;Suárez;2,936865997;-76,7458243
19;Cauca;19785;Sucre;2,057735184;-76,90993965
19;Cauca;19807;Timbío;2,369625312;-76,71051932
19;Cauca;19809;Timbiquí;2,699475127;-77,49131577
19;Cauca;19821;Toribío;2,975771999;-76,20331566
19;Cauca;19824;Totoró;2,475213085;-76,39675937
19;Cauca;19845;Villa Rica;3,180627317;-76,46445558
20;Cesar;20001;Valledupar;10,21890277;-73,45784764
20;Cesar;20011;Aguachica;8,248735219;-73,6227405
20;Cesar;20013;Agustín Codazzi;9,949215908;-73,22358244
20;Cesar;20032;Astrea;9,510727925;-73,94214641
20;Cesar;20045;Becerril;9,727732939;-73,25250522
20;Cesar;20060;Bosconia;9,946391309;-73,86628815
20;Cesar;20175;Chimichagua;9,27797765;-73,84697903
20;Cesar;20178;Chiriguaná;9,426648354;-73,54797894
20;Cesar;20228;Curumaní;9,238771332;-73,48810861
20;Cesar;20238;El Copey;10,19995356;-73,91282064
20;Cesar;20250;El Paso;9,683474681;-73,73833778
20;Cesar;20295;Gamarra;8,337726622;-73,70649199
20;Cesar;20310;González;8,405516522;-73,37537309
20;Cesar;20383;La Gloria;8,588002247;-73,61602384
20;Cesar;20400;La Jagua De Ibirico;9,52099808;-73,32249338
20;Cesar;20443;Manaure Balcón Del Cesar;10,38027852;-73,00706275
20;Cesar;20517;Pailitas;8,938916143;-73,57247213
20;Cesar;20550;Pelaya;8,764116734;-73,63295546
20;Cesar;20570;Pueblo Bello;10,41736874;-73,61450632
20;Cesar;20614;Río De Oro;8,201070245;-73,48750127
20;Cesar;20621;La Paz;10,24440562;-73,07824569
20;Cesar;20710;San Alberto;7,769815987;-73,47218888
20;Cesar;20750;San Diego;10,16952712;-73,2879827
20;Cesar;20770;San Martín;7,937788454;-73,54436312
20;Cesar;20787;Tamalameque;8,902075012;-73,7633962
23;Córdoba;23001;Montería;8,584698016;-75,95055079
23;Córdoba;23068;Ayapel;8,265768688;-75,04868436
23;Córdoba;23079;Buenavista;8,191397953;-75,43382532
23;Córdoba;23090;Canalete;8,7240958;-76,23779081
23;Córdoba;23162;Cereté;8,895667051;-75,87842391
23;Córdoba;23168;Chimá;9,11024941;-75,65237351
23;Córdoba;23182;Chinú;9,053287104;-75,37387363
23;Córdoba;23189;Ciénaga De Oro;8,841811894;-75,60779829
23;Córdoba;23300;Cotorra;9,071460219;-75,75459276
23;Córdoba;23350;La Apartada;8,052218422;-75,28816022
23;Córdoba;23417;Lorica;9,165034998;-75,90978124
23;Córdoba;23419;Los Córdobas;8,823307063;-76,3430552
23;Córdoba;23464;Momil;9,265461621;-75,65090876
23;Córdoba;23466;Montelíbano;7,866432635;-75,87533926
23;Córdoba;23500;Moñitos;9,190515343;-76,11931709
23;Córdoba;23555;Planeta Rica;8,181108488;-75,68923803
23;Córdoba;23570;Pueblo Nuevo;8,481339568;-75,40516154
23;Córdoba;23574;Puerto Escondido;8,988667731;-76,19405912
23;Córdoba;23580;Puerto Libertador;7,711515736;-75,77123224
23;Córdoba;23586;Purísima De La Concepción;9,282386127;-75,72129392
23;Córdoba;23660;Sahagún;8,799007016;-75,42925664
23;Córdoba;23670;San Andrés De Sotavento;9,121296353;-75,52091711
23;Córdoba;23672;San Antero;9,359667489;-75,78700252
23;Córdoba;23675;San Bernardo Del Viento;9,330098329;-75,97623858
23;Córdoba;23678;San Carlos;8,706464263;-75,69251825
23;Córdoba;23682;San José De Uré;7,753054395;-75,5672474
23;Córdoba;23686;San Pelayo;8,987777392;-75,90958771
23;Córdoba;23807;Tierralta;7,813896829;-76,16846678
23;Córdoba;23815;Tuchín;9,224630803;-75,54410593
23;Córdoba;23855;Valencia;8,219904128;-76,2213286
25;Cundinamarca;25001;Agua De Dios;4,372744676;-74,67111051
25;Cundinamarca;25019;Albán;4,891121638;-74,44278432
25;Cundinamarca;25035;Anapoima;4,559962881;-74,5256953
25;Cundinamarca;25040;Anolaima;4,789313614;-74,46194256
25;Cundinamarca;25053;Arbeláez;4,232786985;-74,39576291
25;Cundinamarca;25086;Beltrán;4,791721105;-74,71491399
25;Cundinamarca;25095;Bituima;4,847821091;-74,52862766
25;Cundinamarca;25099;Bojacá;4,705576252;-74,3354077
25;Cundinamarca;25120;Cabrera;3,91861924;-74,44615606
25;Cundinamarca;25123;Cachipay;4,723063341;-74,45919528
25;Cundinamarca;25126;Cajicá;4,930402779;-74,02985115
25;Cundinamarca;25148;Caparrapí;5,381501399;-74,52123595
25;Cundinamarca;25151;Cáqueza;4,402259457;-73,94482435
25;Cundinamarca;25154;Carmen De Carupa;5,338856556;-73,92614817
25;Cundinamarca;25168;Chaguaní;4,95425175;-74,63090139
25;Cundinamarca;25175;Chía;4,857823671;-74,03809539
25;Cundinamarca;25178;Chipaque;4,463746629;-74,04605246
25;Cundinamarca;25181;Choachí;4,578183896;-73,95290054
25;Cundinamarca;25183;Chocontá;5,118419271;-73,68068583
25;Cundinamarca;25200;Cogua;5,103127532;-73,97536559
25;Cundinamarca;25214;Cota;4,76754674;-74,1415583
25;Cundinamarca;25224;Cucunubá;5,230308105;-73,78001885
25;Cundinamarca;25245;El Colegio;4,556947085;-74,42658478
25;Cundinamarca;25258;El Peñón;5,261728244;-74,30830564
25;Cundinamarca;25260;El Rosal;4,879723016;-74,23802273
25;Cundinamarca;25269;Facatativá;4,834052334;-74,3380229
25;Cundinamarca;25279;Fómeque;4,528568462;-73,79705267
25;Cundinamarca;25281;Fosca;4,316280072;-73,95286784
25;Cundinamarca;25286;Funza;4,743996711;-74,19865992
25;Cundinamarca;25288;Fúquene;5,416288902;-73,77059829
25;Cundinamarca;25290;Fusagasugá;4,323534028;-74,38859114
25;Cundinamarca;25293;Gachalá;4,65495513;-73,51055381
25;Cundinamarca;25295;Gachancipá;5,01001953;-73,87671759
25;Cundinamarca;25297;Gachetá;4,867551134;-73,61773287
25;Cundinamarca;25299;Gama;4,723573464;-73,60054441
25;Cundinamarca;25307;Girardot;4,338154518;-74,81143922
25;Cundinamarca;25312;Granada;4,523484884;-74,33724619
25;Cundinamarca;25317;Guachetá;5,387291542;-73,69328234
25;Cundinamarca;25320;Guaduas;5,173554764;-74,64014651
25;Cundinamarca;25322;Guasca;4,801276832;-73,84643485
25;Cundinamarca;25324;Guataquí;4,516381655;-74,78257788
25;Cundinamarca;25326;Guatavita;4,91158717;-73,78648564
25;Cundinamarca;25328;Guayabal De Síquima;4,866310254;-74,4767709
25;Cundinamarca;25335;Guayabetal;4,231875945;-73,83543981
25;Cundinamarca;25339;Gutiérrez;4,166089563;-74,0246527
25;Cundinamarca;25368;Jerusalén;4,571350254;-74,68915854
25;Cundinamarca;25372;Junín;4,705170789;-73,69247873
25;Cundinamarca;25377;La Calera;4,700785443;-73,92939921
25;Cundinamarca;25386;La Mesa;4,650773167;-74,47321717
25;Cundinamarca;25394;La Palma;5,333400646;-74,40807863
25;Cundinamarca;25398;La Peña;5,20459882;-74,40786611
25;Cundinamarca;25402;La Vega;4,978619842;-74,33936061
25;Cundinamarca;25407;Lenguazaque;5,303637171;-73,68153228
25;Cundinamarca;25426;Machetá;5,040349198;-73,61738241
25;Cundinamarca;25430;Madrid;4,75156751;-74,2896305
25;Cundinamarca;25436;Manta;4,976881151;-73,56313741
25;Cundinamarca;25438;Medina;4,484437919;-73,40598487
25;Cundinamarca;25473;Mosquera;4,672714223;-74,23573194
25;Cundinamarca;25483;Nariño;4,407952015;-74,80565317
25;Cundinamarca;25486;Nemocón;5,093705358;-73,88380238
25;Cundinamarca;25488;Nilo;4,294780933;-74,614695
25;Cundinamarca;25489;Nimaima;5,121445325;-74,39737048
25;Cundinamarca;25491;Nocaima;5,066110761;-74,38975476
25;Cundinamarca;25506;Venecia;4,063342074;-74,45259796
25;Cundinamarca;25513;Pacho;5,168367634;-74,16336544
25;Cundinamarca;25518;Paime;5,387647345;-74,16395696
25;Cundinamarca;25524;Pandi;4,180497268;-74,4711213
25;Cundinamarca;25530;Paratebueno;4,368158959;-73,2416614
25;Cundinamarca;25535;Pasca;4,293733611;-74,27396924
25;Cundinamarca;25572;Puerto Salgar;5,619752748;-74,5801923
25;Cundinamarca;25580;Pulí;4,691336253;-74,68074404
25;Cundinamarca;25592;Quebradanegra;5,09998103;-74,4945107
25;Cundinamarca;25594;Quetame;4,334589044;-73,85264561
25;Cundinamarca;25596;Quipile;4,726907976;-74,55359926
25;Cundinamarca;25599;Apulo;4,537711619;-74,59124656
25;Cundinamarca;25612;Ricaurte;4,307363489;-74,72943403
25;Cundinamarca;25645;San Antonio Del Tequendama;4,599741357;-74,34490342
25;Cundinamarca;25649;San Bernardo;4,140958464;-74,35397692
25;Cundinamarca;25653;San Cayetano;5,314600423;-74,07232077
25;Cundinamarca;25658;San Francisco;4,964100703;-74,27217129
25;Cundinamarca;25662;San Juan De Rioseco;4,814537831;-74,61525985
25;Cundinamarca;25718;Sasaima;4,946805263;-74,41230921
25;Cundinamarca;25736;Sesquilé;5,000633875;-73,77206544
25;Cundinamarca;25740;Sibaté;4,465970004;-74,26328963
25;Cundinamarca;25743;Silvania;4,436967141;-74,37050903
25;Cundinamarca;25745;Simijaca;5,509773128;-73,84519164
25;Cundinamarca;25754;Soacha;4,581866267;-74,24029696
25;Cundinamarca;25758;Sopó;4,888060112;-73,96587528
25;Cundinamarca;25769;Subachoque;4,970358034;-74,15689923
25;Cundinamarca;25772;Suesca;5,122728461;-73,82427313
25;Cundinamarca;25777;Supatá;5,061692703;-74,23138328
25;Cundinamarca;25779;Susa;5,440092358;-73,82392529
25;Cundinamarca;25781;Sutatausa;5,242909347;-73,85540343
25;Cundinamarca;25785;Tabio;4,951520046;-74,08449648
25;Cundinamarca;25793;Tausa;5,170527212;-73,95819594
25;Cundinamarca;25797;Tena;4,666608192;-74,36764956
25;Cundinamarca;25799;Tenjo;4,838548601;-74,14680287
25;Cundinamarca;25805;Tibacuy;4,321357899;-74,48667274
25;Cundinamarca;25807;Tibirita;5,084102682;-73,51362546
25;Cundinamarca;25815;Tocaima;4,452072974;-74,64864406
25;Cundinamarca;25817;Tocancipá;4,968852913;-73,92887021
25;Cundinamarca;25823;Topaipí;5,355688386;-74,28963994
25;Cundinamarca;25839;Ubalá;4,803805182;-73,47654604
25;Cundinamarca;25841;Ubaque;4,500754182;-73,97564545
25;Cundinamarca;25843;Villa De San Diego De Ubaté;5,316080652;-73,82010566
25;Cundinamarca;25845;Une;4,244611163;-74,11187304
25;Cundinamarca;25851;Útica;5,192795708;-74,47780003
25;Cundinamarca;25862;Vergara;5,131267542;-74,30979229
25;Cundinamarca;25867;Vianí;4,914040619;-74,54936655
25;Cundinamarca;25871;Villagómez;5,270694636;-74,19074375
25;Cundinamarca;25873;Villapinzón;5,227298709;-73,57725921
25;Cundinamarca;25875;Villeta;5,011670402;-74,48764746
25;Cundinamarca;25878;Viotá;4,436054105;-74,48543339
25;Cundinamarca;25885;Yacopí;5,591910157;-74,36480865
25;Cundinamarca;25898;Zipacón;4,75432173;-74,38673444
25;Cundinamarca;25899;Zipaquirá;5,06631685;-74,04960323
27;Chocó;27001;Quibdó;5,7543229;-76,65015147
27;Chocó;27006;Acandí;8,383938499;-77,26560256
27;Chocó;27025;Alto Baudó;5,636740989;-77,0842154
27;Chocó;27050;Atrato;5,525825084;-76,65064357
27;Chocó;27073;Bagadó;5,503119772;-76,19796907
27;Chocó;27075;Bahía Solano;6,162762775;-77,41653534
27;Chocó;27077;Bajo Baudó;4,492865435;-77,08271352
27;Chocó;27099;Bojayá;6,474666885;-77,09933025
27;Chocó;27135;El Cantón Del San Pablo;5,359661967;-76,77255624
27;Chocó;27150;Carmen Del Darién;7,033646541;-76,97423016
27;Chocó;27160;Cértegui;5,389828229;-76,52264237
27;Chocó;27205;Condoto;5,070586101;-76,50701751
27;Chocó;27245;El Carmen De Atrato;5,810938364;-76,19189442
27;Chocó;27250;El Litoral Del San Juan;4,272940191;-76,98785828
27;Chocó;27361;Istmina;4,586818665;-77,00090737
27;Chocó;27372;Juradó;7,103338868;-77,67973662
27;Chocó;27413;Lloró;5,585101179;-76,38544449
27;Chocó;27425;Medio Atrato;6,033880098;-76,6734697
27;Chocó;27430;Medio Baudó;5,110392243;-76,99593075
27;Chocó;27450;Medio San Juan;4,621182739;-76,80861843
27;Chocó;27491;Nóvita;4,853386627;-76,61823669
27;Chocó;27493;Nuevo Belén De Bajirá *;7,439023;-76,844188
27;Chocó;27495;Nuquí;5,591359844;-77,33057439
27;Chocó;27580;Río Iró;5,190995015;-76,41996151
27;Chocó;27600;Río Quito;5,567533337;-76,81157084
27;Chocó;27615;Riosucio;7,375606;-77,35636
27;Chocó;27660;San José Del Palmar;4,958741345;-76,28002361
27;Chocó;27745;Sipí;4,594415157;-76,54194459
27;Chocó;27787;Tadó;5,26610158;-76,33109547
27;Chocó;27800;Unguía;8,117281079;-77,10372723
27;Chocó;27810;Unión Panamericana;5,281599258;-76,61962746
41;Huila;41001;Neiva;2,993360046;-75,27236232
41;Huila;41006;Acevedo;1,709114446;-75,99664184
41;Huila;41013;Agrado;2,26975042;-75,71632236
41;Huila;41016;Aipe;3,243441923;-75,27670655
41;Huila;41020;Algeciras;2,49785068;-75,29134946
41;Huila;41026;Altamira;2,07922808;-75,76858288
41;Huila;41078;Baraya;3,135423634;-74,95797796
41;Huila;41132;Campoalegre;2,658666675;-75,32943803
41;Huila;41206;Colombia;3,262763564;-74,78516117
41;Huila;41244;Elías;2,022053305;-75,94430521
41;Huila;41298;Garzón;2,172441496;-75,57131243
41;Huila;41306;Gigante;2,371781539;-75,51699754
41;Huila;41319;Guadalupe;1,984394016;-75,69693549
41;Huila;41349;Hobo;2,541654161;-75,44781083
41;Huila;41357;Íquira;2,691517773;-75,67383141
41;Huila;41359;Isnos;1,945591321;-76,18204722
41;Huila;41378;La Argentina;2,156287619;-76,00679451
41;Huila;41396;La Plata;2,328076586;-76,00117299
41;Huila;41483;Nátaga;2,576066285;-75,78693757
41;Huila;41503;Oporapa;2,061191362;-76,04110289
41;Huila;41518;Paicol;2,40689827;-75,72803027
41;Huila;41524;Palermo;2,914491967;-75,44066118
41;Huila;41530;Palestina;1,68458076;-76,1478559
41;Huila;41548;Pital;2,259601773;-75,8319516
41;Huila;41551;Pitalito;1,848217185;-76,05217643
41;Huila;41615;Rivera;2,79286115;-75,23536868
41;Huila;41660;Saladoblanco;2,100382849;-76,22897871
41;Huila;41668;San Agustín;1,924165493;-76,4165655
41;Huila;41676;Santa María;2,926265937;-75,63359786
41;Huila;41770;Suaza;1,870992095;-75,80798471
41;Huila;41791;Tarqui;2,130280544;-75,87534845
41;Huila;41797;Tesalia;2,526855132;-75,68259642
41;Huila;41799;Tello;3,030611777;-75,08536553
41;Huila;41801;Teruel;2,851852692;-75,75988934
41;Huila;41807;Timaná;1,950715226;-75,91757649
41;Huila;41872;Villavieja;3,287057875;-75,13838292
41;Huila;41885;Yaguará;2,646563339;-75,51592645
44;La Guajira;44001;Riohacha;11,24297214;-72,95876315
44;La Guajira;44035;Albania;11,22869049;-72,53209657
44;La Guajira;44078;Barrancas;10,94871677;-72,69696879
44;La Guajira;44090;Dibulla;11,09029715;-73,43568788
44;La Guajira;44098;Distracción;10,92505107;-72,94444027
44;La Guajira;44110;El Molino;10,63669646;-72,8858431
44;La Guajira;44279;Fonseca;10,8283716;-72,8018178
44;La Guajira;44378;Hatonuevo;11,09905582;-72,73842427
44;La Guajira;44420;La Jagua Del Pilar;10,4580941;-73,07209193
44;La Guajira;44430;Maicao;11,38157764;-72,29500818
44;La Guajira;44560;Manaure;11,60554263;-72,57160392
44;La Guajira;44650;San Juan Del Cesar;10,81311496;-73,08659986
44;La Guajira;44847;Uribia;11,99971986;-71,74882662
44;La Guajira;44855;Urumita;10,4947021;-72,98623991
44;La Guajira;44874;Villanueva;10,58364755;-72,97520286
47;Magdalena;47001;Santa Marta;11,12189436;-73,88527855
47;Magdalena;47030;Algarrobo;10,25356475;-74,10323027
47;Magdalena;47053;Aracataca;10,64490877;-73,87972257
47;Magdalena;47058;Ariguaní;9,834264955;-74,08460085
47;Magdalena;47161;Cerro De San Antonio;10,3132933;-74,80834413
47;Magdalena;47170;Chivolo;10,09951961;-74,52606667
47;Magdalena;47189;Ciénaga;10,85754552;-74,02500493
47;Magdalena;47205;Concordia;10,23284801;-74,77810175
47;Magdalena;47245;El Banco;9,114930635;-73,98105491
47;Magdalena;47258;El Piñón;10,34310988;-74,67817756
47;Magdalena;47268;El Retén;10,65961696;-74,3251597
47;Magdalena;47288;Fundación;10,45937818;-73,88406518
47;Magdalena;47318;Guamal;9,248004673;-74,13968085
47;Magdalena;47460;Nueva Granada;9,735998134;-74,32840222
47;Magdalena;47541;Pedraza;10,15429546;-74,83178091
47;Magdalena;47545;Pijiño Del Carmen;9,530748654;-74,1447657
47;Magdalena;47551;Pivijay;10,43303399;-74,41251197
47;Magdalena;47555;Plato;9,76945611;-74,60181576
47;Magdalena;47570;Puebloviejo;10,84758901;-74,36057942
47;Magdalena;47605;Remolino;10,64860351;-74,58106823
47;Magdalena;47660;Sabanas De San Ángel;10,10533028;-74,2644392
47;Magdalena;47675;Salamina;10,51538178;-74,72296972
47;Magdalena;47692;San Sebastián De Buenavista;9,380680272;-74,19797988
47;Magdalena;47703;San Zenón;9,306869548;-74,35851644
47;Magdalena;47707;Santa Ana;9,503097215;-74,44419381
47;Magdalena;47720;Santa Bárbara De Pinto;9,484388135;-74,66521178
47;Magdalena;47745;Sitionuevo;10,89027616;-74,62966038
47;Magdalena;47798;Tenerife;9,924701267;-74,73263001
47;Magdalena;47960;Zapayán;10,11779893;-74,69115456
47;Magdalena;47980;Zona Bananera;10,79634658;-74,17798317
50;Meta;50001;Villavicencio;4,09166877;-73,49291595
50;Meta;50006;Acacías;3,943383008;-73,57135162
50;Meta;50110;Barranca De Upía;4,519076127;-72,99548981
50;Meta;50124;Cabuyaro;4,315244759;-72,95268896
50;Meta;50150;Castilla La Nueva;3,805154089;-73,53886668
50;Meta;50223;Cubarral;3,834631516;-74,06232494
50;Meta;50226;Cumaral;4,232526389;-73,31477539
50;Meta;50245;El Calvario;4,353769888;-73,71441684
50;Meta;50251;El Castillo;3,60282633;-73,89445238
50;Meta;50270;El Dorado;3,706969785;-73,83161892
50;Meta;50287;Fuente De Oro;3,382370124;-73,59625429
50;Meta;50313;Granada;3,441051399;-73,7611547
50;Meta;50318;Guamal;3,947775585;-73,95983864
50;Meta;50325;Mapiripán;3,117523361;-71,93805692
50;Meta;50330;Mesetas;3,154771201;-74,12454824
50;Meta;50350;La Macarena;2,161863917;-74,09488076
50;Meta;50370;Uribe;3,047726858;-74,43066134
50;Meta;50400;Lejanías;3,614714873;-74,09628467
50;Meta;50450;Puerto Concordia;2,752260112;-72,7210941
50;Meta;50568;Puerto Gaitán;4,005034467;-71,63157429
50;Meta;50573;Puerto López;4,014298921;-72,64570499
50;Meta;50577;Puerto Lleras;3,193092925;-73,23671436
50;Meta;50590;Puerto Rico;2,758083657;-73,13780171
50;Meta;50606;Restrepo;4,204310977;-73,50226037
50;Meta;50680;San Carlos De Guaroa;3,84761678;-73,27583401
50;Meta;50683;San Juan De Arama;3,289851171;-73,81635243
50;Meta;50686;San Juanito;4,471346322;-73,66041355
50;Meta;50689;San Martín;3,515860962;-72,65672742
50;Meta;50711;Vistahermosa;2,811616698;-73,66652234
52;Nariño;52001;Pasto;1,083605497;-77,20610074
52;Nariño;52019;Albán;1,469854084;-77,06880947
52;Nariño;52022;Aldana;0,913431916;-77,69538731
52;Nariño;52036;Ancuya;1,245254077;-77,53115777
52;Nariño;52051;Arboleda;1,480051172;-77,12985001
52;Nariño;52079;Barbacoas;1,44563774;-78,15621072
52;Nariño;52083;Belén;1,593645287;-77,01999366
52;Nariño;52110;Buesaco;1,315215636;-77,1163664
52;Nariño;52203;Colón;1,636334379;-77,0473156
52;Nariño;52207;Consacá;1,209066732;-77,44063921
52;Nariño;52210;Contadero;0,932667458;-77,52808731
52;Nariño;52215;Córdoba;0,78274688;-77,36805903
52;Nariño;52224;Cuaspud Carlosama;0,875426999;-77,73591601
52;Nariño;52227;Cumbal;0,944223274;-77,95958446
52;Nariño;52233;Cumbitara;1,72559011;-77,59281637
52;Nariño;52240;Chachagüí;1,386497844;-77,26969022
52;Nariño;52250;El Charco;2,216382295;-77,99533234
52;Nariño;52254;El Peñol;1,512283967;-77,43050934
52;Nariño;52256;El Rosario;1,887689437;-77,48319589
52;Nariño;52258;El Tablón De Gómez;1,409430207;-76,98526959
52;Nariño;52260;El Tambo;1,43026376;-77,38311597
52;Nariño;52287;Funes;0,957786429;-77,39532781
52;Nariño;52317;Guachucal;0,975037904;-77,73758941
52;Nariño;52320;Guaitarilla;1,151366658;-77,53011336
52;Nariño;52323;Gualmatán;0,928642623;-77,58261883
52;Nariño;52352;Iles;0,980534037;-77,5186573
52;Nariño;52354;Imués;1,07287697;-77,50150864
52;Nariño;52356;Ipiales;0,497708465;-77,24047625
52;Nariño;52378;La Cruz;1,584175998;-76,92335262
52;Nariño;52381;La Florida;1,338034371;-77,42293041
52;Nariño;52385;La Llanada;1,541847847;-77,61781608
52;Nariño;52390;La Tola;2,56027333;-78,23506694
52;Nariño;52399;La Unión;1,619697376;-77,14284622
52;Nariño;52405;Leiva;1,900862361;-77,31220073
52;Nariño;52411;Linares;1,395173084;-77,52093774
52;Nariño;52418;Los Andes;1,672601269;-77,71054449
52;Nariño;52427;Magüí;1,906858429;-78,04473644
52;Nariño;52435;Mallama;1,155947016;-77,84664646
52;Nariño;52473;Mosquera;2,442493698;-78,438827
52;Nariño;52480;Nariño;1,286775273;-77,35220367
52;Nariño;52490;Olaya Herrera;2,287856547;-78,31219024
52;Nariño;52506;Ospina;1,029815854;-77,55234944
52;Nariño;52520;Francisco Pizarro;2,088531925;-78,59193099
52;Nariño;52540;Policarpa;1,735354202;-77,48134359
52;Nariño;52560;Potosí;0,785841088;-77,52870407
52;Nariño;52565;Providencia;1,232864821;-77,59844212
52;Nariño;52573;Puerres;0,854351651;-77,35032523
52;Nariño;52585;Pupiales;0,916769831;-77,63336954
52;Nariño;52612;Ricaurte;1,147671848;-78,05811118
52;Nariño;52621;Roberto Payán;1,897581156;-78,3811163
52;Nariño;52678;Samaniego;1,430555262;-77,69179559
52;Nariño;52683;Sandoná;1,288105409;-77,45670068
52;Nariño;52685;San Bernardo;1,529782485;-77,02070663
52;Nariño;52687;San Lorenzo;1,542139582;-77,21872693
52;Nariño;52693;San Pablo;1,681576627;-76,97527979
52;Nariño;52694;San Pedro De Cartago;1,536823494;-77,10140325
52;Nariño;52696;Santa Bárbara;2,494420411;-77,98256461
52;Nariño;52699;Santacruz;1,285179376;-77,7445744
52;Nariño;52720;Sapuyes;1,045287475;-77,71810954
52;Nariño;52786;Taminango;1,591661392;-77,32525316
52;Nariño;52788;Tangua;1,064078111;-77,35063491
52;Nariño;52835;San Andrés De Tumaco;1,574550638;-78,61540963
52;Nariño;52838;Túquerres;1,134440523;-77,63073238
52;Nariño;52885;Yacuanquer;1,125547916;-77,42467569
54;Norte De Santander;54001;San José De Cúcuta;8,112041811;-72,48862641
54;Norte De Santander;54003;Ábrego;8,019834481;-73,15850485
54;Norte De Santander;54051;Arboledas;7,586048164;-72,91705315
54;Norte De Santander;54099;Bochalema;7,608509339;-72,65951909
54;Norte De Santander;54109;Bucarasica;8,079802239;-72,92919926
54;Norte De Santander;54125;Cácota;7,270560088;-72,65212153
54;Norte De Santander;54128;Cáchira;7,684188896;-73,12939481
54;Norte De Santander;54172;Chinácota;7,583353136;-72,58390978
54;Norte De Santander;54174;Chitagá;7,05161677;-72,52544746
54;Norte De Santander;54206;Convención;8,873159895;-73,20007769
54;Norte De Santander;54223;Cucutilla;7,502182366;-72,79703447
54;Norte De Santander;54239;Durania;7,746993206;-72,67208072
54;Norte De Santander;54245;El Carmen;8,867990035;-73,34585922
54;Norte De Santander;54250;El Tarra;8,678263671;-73,0317597
54;Norte De Santander;54261;El Zulia;8,081200092;-72,63152118
54;Norte De Santander;54313;Gramalote;7,906522991;-72,80705582
54;Norte De Santander;54344;Hacarí;8,361831987;-73,0782633
54;Norte De Santander;54347;Herrán;7,493955781;-72,49269998
54;Norte De Santander;54377;Labateca;7,218372474;-72,48281514
54;Norte De Santander;54385;La Esperanza;7,695233593;-73,36139672
54;Norte De Santander;54398;La Playa;8,256757875;-73,18789327
54;Norte De Santander;54405;Los Patios;7,742291094;-72,52680784
54;Norte De Santander;54418;Lourdes;7,963712759;-72,8467029
54;Norte De Santander;54480;Mutiscua;7,31694997;-72,76834584
54;Norte De Santander;54498;Ocaña;8,206637527;-73,33765033
54;Norte De Santander;54518;Pamplona;7,379057623;-72,67590348
54;Norte De Santander;54520;Pamplonita;7,48287886;-72,63515401
54;Norte De Santander;54553;Puerto Santander;8,329138642;-72,41119066
54;Norte De Santander;54599;Ragonvalia;7,595355974;-72,50756622
54;Norte De Santander;54660;Salazar;7,772747824;-72,86769959
54;Norte De Santander;54670;San Calixto;8,414441404;-73,2176038
54;Norte De Santander;54673;San Cayetano;7,847872195;-72,60971203
54;Norte De Santander;54680;Santiago;7,889234454;-72,7182541
54;Norte De Santander;54720;Sardinata;8,215080767;-72,79580961
54;Norte De Santander;54743;Silos;7,180991879;-72,78617884
54;Norte De Santander;54800;Teorama;8,760013794;-73,15714097
54;Norte De Santander;54810;Tibú;8,713507237;-72,79925855
54;Norte De Santander;54820;Toledo;7,225864961;-72,30593418
54;Norte De Santander;54871;Villa Caro;7,936293173;-72,98759418
54;Norte De Santander;54874;Villa Del Rosario;7,718635863;-72,48361176
63;Quindío;63001;Armenia;4,499501128;-75,72489985
63;Quindío;63111;Buenavista;4,366632382;-75,74403734
63;Quindío;63130;Calarcá;4,467879428;-75,65674719
63;Quindío;63190;Circasia;4,604845344;-75,66688449
63;Quindío;63212;Córdoba;4,395975176;-75,65132308
63;Quindío;63272;Filandia;4,669325347;-75,67146941
63;Quindío;63302;Génova;4,180107773;-75,76056695
63;Quindío;63401;La Tebaida;4,426884849;-75,81927335
63;Quindío;63470;Montenegro;4,521890945;-75,81806594
63;Quindío;63548;Pijao;4,30397934;-75,68330417
63;Quindío;63594;Quimbaya;4,610273497;-75,79205087
63;Quindío;63690;Salento;4,611314654;-75,53092112
66;Risaralda;66001;Pereira;4,803662773;-75,79579093
66;Risaralda;66045;Apía;5,139635357;-75,95353871
66;Risaralda;66075;Balboa;4,918349676;-75,94275386
66;Risaralda;66088;Belén De Umbría;5,200398696;-75,86793893
66;Risaralda;66170;Dosquebradas;4,842021144;-75,66993655
66;Risaralda;66318;Guática;5,320295966;-75,80436659
66;Risaralda;66383;La Celia;4,988127679;-76,00822678
66;Risaralda;66400;La Virginia;4,904704187;-75,85208162
66;Risaralda;66440;Marsella;4,942936185;-75,7532139
66;Risaralda;66456;Mistrató;5,414078141;-75,96135387
66;Risaralda;66572;Pueblo Rico;5,286295408;-76,07359421
66;Risaralda;66594;Quinchía;5,323906864;-75,71339683
66;Risaralda;66682;Santa Rosa De Cabal;4,833789828;-75,54950174
66;Risaralda;66687;Santuario;5,076100313;-76,02286946
68;Santander;68001;Bucaramanga;7,155833544;-73,11156997
68;Santander;68013;Aguada;6,182208476;-73,53038541
68;Santander;68020;Albania;5,788190519;-73,79236929
68;Santander;68051;Aratoca;6,716766585;-73,01162697
68;Santander;68077;Barbosa;5,955617327;-73,62345229
68;Santander;68079;Barichara;6,647062543;-73,21518466
68;Santander;68081;Barrancabermeja;7,054074558;-73,78211646
68;Santander;68092;Betulia;7,033255886;-73,37872388
68;Santander;68101;Bolívar;6,181715586;-73,92065703
68;Santander;68121;Cabrera;6,562543673;-73,25034892
68;Santander;68132;California;7,331565443;-72,95131825
68;Santander;68147;Capitanejo;6,520200095;-72,67435203
68;Santander;68152;Carcasí;6,659675274;-72,56968434
68;Santander;68160;Cepitá;6,752465533;-72,92924629
68;Santander;68162;Cerrito;6,903923173;-72,64536324
68;Santander;68167;Charalá;6,35099819;-73,06101382
68;Santander;68169;Charta;7,282973001;-72,97829057
68;Santander;68176;Chima;6,361627641;-73,40172144
68;Santander;68179;Chipatá;6,067944658;-73,63239132
68;Santander;68190;Cimitarra;6,40972961;-74,17030427
68;Santander;68207;Concepción;6,76062337;-72,61815735
68;Santander;68209;Confines;6,342314443;-73,25014013
68;Santander;68211;Contratación;6,303116611;-73,50211527
68;Santander;68217;Coromoro;6,234735779;-72,98176803
68;Santander;68229;Curití;6,608966483;-73,05897888
68;Santander;68235;El Carmen De Chucurí;6,664260002;-73,56475288
68;Santander;68245;El Guacamayo;6,236115743;-73,4977605
68;Santander;68250;El Peñón;6,123389691;-74,00040397
68;Santander;68255;El Playón;7,524284721;-73,18158192
68;Santander;68264;Encino;6,079061224;-73,06206665
68;Santander;68266;Enciso;6,65824115;-72,68027939
68;Santander;68271;Florián;5,801106291;-73,95524931
68;Santander;68276;Floridablanca;7,079704598;-73,0679925
68;Santander;68296;Galán;6,671810994;-73,32467124
68;Santander;68298;Gámbita;5,924383558;-73,31939934
68;Santander;68307;Girón;6,976734127;-73,205267
68;Santander;68318;Guaca;6,9434341;-72,82369873
68;Santander;68320;Guadalupe;6,233278248;-73,40977445
68;Santander;68322;Guapotá;6,319299865;-73,33115275
68;Santander;68324;Guavatá;5,944894844;-73,72173671
68;Santander;68327;Güepsa;6,04656148;-73,57847854
68;Santander;68344;Hato;6,559878299;-73,36178841
68;Santander;68368;Jesús María;5,872705896;-73,78997419
68;Santander;68370;Jordán;6,710814846;-73,1211236
68;Santander;68377;La Belleza;5,895724341;-74,04676575
68;Santander;68385;Landázuri;6,385234814;-73,78760899
68;Santander;68397;La Paz;6,21737437;-73,62977195
68;Santander;68406;Lebrija;7,204060063;-73,29138097
68;Santander;68418;Los Santos;6,812162934;-73,10785086
68;Santander;68425;Macaravita;6,513745303;-72,58536492
68;Santander;68432;Málaga;6,720222349;-72,73841091
68;Santander;68444;Matanza;7,348778319;-73,05438997
68;Santander;68464;Mogotes;6,492532315;-72,95834772
68;Santander;68468;Molagavita;6,643290559;-72,81916274
68;Santander;68498;Ocamonte;6,355368858;-73,12211833
68;Santander;68500;Oiba;6,225596216;-73,27961515
68;Santander;68502;Onzaga;6,335194548;-72,81205838
68;Santander;68522;Palmar;6,525876964;-73,28247337
68;Santander;68524;Palmas Del Socorro;6,391750107;-73,28273174
68;Santander;68533;Páramo;6,416631131;-73,17148232
68;Santander;68547;Piedecuesta;6,97082104;-73,01481196
68;Santander;68549;Pinchote;6,513892626;-73,17570986
68;Santander;68572;Puente Nacional;5,831129906;-73,67841815
68;Santander;68573;Puerto Parra;6,685278856;-73,95761256
68;Santander;68575;Puerto Wilches;7,398198257;-73,8354696
68;Santander;68615;Rionegro;7,474226085;-73,37246417
68;Santander;68655;Sabana De Torres;7,4065422;-73,57131807
68;Santander;68669;San Andrés;6,796483063;-72,81613202
68;Santander;68673;San Benito;6,076525355;-73,55295302
68;Santander;68679;San Gil;6,550778765;-73,11887911
68;Santander;68682;San Joaquín;6,459879823;-72,85471883
68;Santander;68684;San José De Miranda;6,629400185;-72,73976423
68;Santander;68686;San Miguel;6,568121541;-72,64322497
68;Santander;68689;San Vicente De Chucurí;6,894292346;-73,53900334
68;Santander;68705;Santa Bárbara;6,988084711;-72,89608933
68;Santander;68720;Santa Helena Del Opón;6,40890734;-73,58206609
68;Santander;68745;Simacota;6,494231551;-73,45910992
68;Santander;68755;Socorro;6,462088241;-73,24436001
68;Santander;68770;Suaita;6,101499739;-73,36225795
68;Santander;68773;Sucre;5,983203734;-73,95936235
68;Santander;68780;Suratá;7,475402063;-72,98779966
68;Santander;68820;Tona;7,170891099;-72,93970443
68;Santander;68855;Valle De San José;6,434578919;-73,10997171
68;Santander;68861;Vélez;6,00741043;-73,69057256
68;Santander;68867;Vetas;7,322219563;-72,88156901
68;Santander;68872;Villanueva;6,685867326;-73,16396916
68;Santander;68895;Zapatoca;6,813725566;-73,30975044
70;Sucre;70001;Sincelejo;9,316673928;-75,43174967
70;Sucre;70110;Buenavista;9,314972282;-74,98014057
70;Sucre;70124;Caimito;8,792311599;-75,13191063
70;Sucre;70204;Colosó;9,494043427;-75,34528693
70;Sucre;70215;Corozal;9,160624283;-75,23858178
70;Sucre;70221;Coveñas;9,394449802;-75,6574915
70;Sucre;70230;Chalán;9,569584598;-75,32420908
70;Sucre;70233;El Roble;9,036231591;-75,14575038
70;Sucre;70235;Galeras;9,135169096;-74,98134706
70;Sucre;70265;Guaranda;8,337828523;-74,68734926
70;Sucre;70400;La Unión;8,811997799;-75,28322212
70;Sucre;70418;Los Palmitos;9,422380117;-75,21302191
70;Sucre;70429;Majagual;8,546148134;-74,71037883
70;Sucre;70473;Morroa;9,392496685;-75,32718744
70;Sucre;70508;Ovejas;9,549655271;-75,18855916
70;Sucre;70523;Palmito;9,334940293;-75,56199027
70;Sucre;70670;Sampués;9,165188649;-75,36027422
70;Sucre;70678;San Benito Abad;8,835634919;-74,96469398
70;Sucre;70702;San Juan De Betulia;9,292019071;-75,21363579
70;Sucre;70708;San Marcos;8,589220102;-75,17249955
70;Sucre;70713;San Onofre;9,814599536;-75,50522919
70;Sucre;70717;San Pedro;9,396835638;-75,03741815
70;Sucre;70742;San Luis De Sincé;9,256299047;-75,09397089
70;Sucre;70771;Sucre;8,814333477;-74,74753131
70;Sucre;70820;Santiago De Tolú;9,533810567;-75,53543469
70;Sucre;70823;San José De Toluviejo;9,490297716;-75,44451115
73;Tolima;73001;Ibagué;4,451921427;-75,252591
73;Tolima;73024;Alpujarra;3,390015064;-74,94078233
73;Tolima;73026;Alvarado;4,582625784;-74,98630686
73;Tolima;73030;Ambalema;4,803365246;-74,80998676
73;Tolima;73043;Anzoátegui;4,623390454;-75,20165423
73;Tolima;73055;Armero;5,006758956;-74,84750095
73;Tolima;73067;Ataco;3,37749064;-75,61373257
73;Tolima;73124;Cajamarca;4,406971283;-75,49745918
73;Tolima;73148;Carmen De Apicalá;4,123416795;-74,74700246
73;Tolima;73152;Casabianca;5,007003948;-75,19457703
73;Tolima;73168;Chaparral;3,743693084;-75,58986634
73;Tolima;73200;Coello;4,315603867;-74,91470256
73;Tolima;73217;Coyaima;3,775490271;-75,14720213
73;Tolima;73226;Cunday;3,98252395;-74,68936908
73;Tolima;73236;Dolores;3,597863274;-74,80256674
73;Tolima;73268;Espinal;4,166476969;-74,89352941
73;Tolima;73270;Falan;5,079256598;-74,95703372
73;Tolima;73275;Flandes;4,242813257;-74,83708638
73;Tolima;73283;Fresno;5,186694812;-75,05228995
73;Tolima;73319;Guamo;4,076501341;-74,97657287
73;Tolima;73347;Herveo;5,068553783;-75,24322959
73;Tolima;73349;Honda;5,179416561;-74,78303094
73;Tolima;73352;Icononzo;4,133276369;-74,53964257
73;Tolima;73408;Lérida;4,866034592;-74,92337178
73;Tolima;73411;Líbano;4,877936755;-75,04763076
73;Tolima;73443;San Sebastián De Mariquita;5,235322593;-74,90668089
73;Tolima;73449;Melgar;4,193215498;-74,60517497
73;Tolima;73461;Murillo;4,826734468;-75,21993987
73;Tolima;73483;Natagaima;3,540518203;-75,12200999
73;Tolima;73504;Ortega;3,937793962;-75,27824314
73;Tolima;73520;Palocabildo;5,094035737;-75,0184505
73;Tolima;73547;Piedras;4,433764446;-74,99879938
73;Tolima;73555;Planadas;3,09897343;-75,81684413
73;Tolima;73563;Prado;3,729166649;-74,87247706
73;Tolima;73585;Purificación;3,854281614;-74,87451155
73;Tolima;73616;Rioblanco;3,468077548;-75,85481103
73;Tolima;73622;Roncesvalles;4,097861181;-75,59428027
73;Tolima;73624;Rovira;4,216730954;-75,34758364
73;Tolima;73671;Saldaña;3,912542787;-75,01859762
73;Tolima;73675;San Antonio;3,926088268;-75,50991004
73;Tolima;73678;San Luis;4,057271684;-75,16320806
73;Tolima;73686;Santa Isabel;4,740827622;-75,20069946
73;Tolima;73770;Suárez;3,969210629;-74,84448738
73;Tolima;73854;Valle De San Juan;4,182125647;-75,17148237
73;Tolima;73861;Venadillo;4,70988172;-74,92089886
73;Tolima;73870;Villahermosa;4,965753461;-75,15592969
73;Tolima;73873;Villarrica;3,854384097;-74,61896623
76;Valle Del Cauca;76001;Santiago De Cali;3,399043723;-76,57649259
76;Valle Del Cauca;76020;Alcalá;4,6788971;-75,78297932
76;Valle Del Cauca;76036;Andalucía;4,153314228;-76,16063341
76;Valle Del Cauca;76041;Ansermanuevo;4,795927292;-76,02963049
76;Valle Del Cauca;76054;Argelia;4,704287864;-76,14164999
76;Valle Del Cauca;76100;Bolívar;4,393118861;-76,34982039
76;Valle Del Cauca;76109;Buenaventura;3,493340766;-77,11872832
76;Valle Del Cauca;76111;Guadalajara De Buga;3,819854318;-75,98312419
76;Valle Del Cauca;76113;Bugalagrande;4,196852991;-76,0896103
76;Valle Del Cauca;76122;Caicedonia;4,308997973;-75,83672567
76;Valle Del Cauca;76126;Calima;3,923271619;-76,64260484
76;Valle Del Cauca;76130;Candelaria;3,382091564;-76,38317663
76;Valle Del Cauca;76147;Cartago;4,70684716;-75,91790846
76;Valle Del Cauca;76233;Dagua;3,649822218;-76,72039347
76;Valle Del Cauca;76243;El Águila;4,917562873;-76,06601001
76;Valle Del Cauca;76246;El Cairo;4,756063701;-76,21502826
76;Valle Del Cauca;76248;El Cerrito;3,656072873;-76,30841784
76;Valle Del Cauca;76250;El Dovio;4,539979729;-76,28762701
76;Valle Del Cauca;76275;Florida;3,304104295;-76,16477307
76;Valle Del Cauca;76306;Ginebra;3,74410441;-76,19082004
76;Valle Del Cauca;76318;Guacarí;3,759414991;-76,34518277
76;Valle Del Cauca;76364;Jamundí;3,213892389;-76,62760418
76;Valle Del Cauca;76377;La Cumbre;3,694303106;-76,58989905
76;Valle Del Cauca;76400;La Unión;4,537937391;-76,10328983
76;Valle Del Cauca;76403;La Victoria;4,483511142;-75,96677303
76;Valle Del Cauca;76497;Obando;4,597588666;-75,9491997
76;Valle Del Cauca;76520;Palmira;3,558392876;-76,22779972
76;Valle Del Cauca;76563;Pradera;3,42063665;-76,17841841
76;Valle Del Cauca;76606;Restrepo;3,806494973;-76,53489853
76;Valle Del Cauca;76616;Riofrío;4,109500298;-76,37105443
76;Valle Del Cauca;76622;Roldanillo;4,443571848;-76,16824249
76;Valle Del Cauca;76670;San Pedro;3,98143244;-76,20836168
76;Valle Del Cauca;76736;Sevilla;4,193411919;-75,88818163
76;Valle Del Cauca;76823;Toro;4,638421279;-76,08106176
76;Valle Del Cauca;76828;Trujillo;4,233268116;-76,34292699
76;Valle Del Cauca;76834;Tuluá;4,02840797;-76,03250379
76;Valle Del Cauca;76845;Ulloa;4,707718947;-75,77835903
76;Valle Del Cauca;76863;Versalles;4,644242641;-76,25924483
76;Valle Del Cauca;76869;Vijes;3,74365889;-76,47064718
76;Valle Del Cauca;76890;Yotoco;3,904130354;-76,39080435
76;Valle Del Cauca;76892;Yumbo;3,595913669;-76,5109879
76;Valle Del Cauca;76895;Zarzal;4,35359875;-76,05065336
81;Arauca;81001;Arauca;6,796280825;-70,50921153
81;Arauca;81065;Arauquita;6,799338394;-71,29827429
81;Arauca;81220;Cravo Norte;6,39654349;-70,07381197
81;Arauca;81300;Fortul;6,750907234;-71,79124241
81;Arauca;81591;Puerto Rondón;6,411761829;-70,96678964
81;Arauca;81736;Saravena;6,906941714;-71,85070757
81;Arauca;81794;Tame;6,390650479;-71,79178647
85;Casanare;85001;Yopal;5,242744761;-72,25802857
85;Casanare;85010;Aguazul;5,126121886;-72,54821017
85;Casanare;85015;Chámeza;5,228453404;-72,86496804
85;Casanare;85125;Hato Corozal;6,03948032;-71,52445752
85;Casanare;85136;La Salina;6,178282373;-72,34693377
85;Casanare;85139;Maní;4,675769488;-72,21280273
85;Casanare;85162;Monterrey;4,841308642;-72,8473434
85;Casanare;85225;Nunchía;5,529181235;-72,09251937
85;Casanare;85230;Orocué;4,915139133;-71,59873966
85;Casanare;85250;Paz De Ariporo;5,779915281;-70,86947037
85;Casanare;85263;Pore;5,663194953;-71,92580806
85;Casanare;85279;Recetor;5,263068507;-72,77081831
85;Casanare;85300;Sabanalarga;4,81119011;-72,99580655
85;Casanare;85315;Sácama;6,049906435;-72,21076163
85;Casanare;85325;San Luis De Palenque;5,274955665;-71,81749276
85;Casanare;85400;Támara;5,878927424;-72,20067822
85;Casanare;85410;Tauramena;4,697463691;-72,62922436
85;Casanare;85430;Trinidad;5,354527091;-71,25479519
85;Casanare;85440;Villanueva;4,528307719;-72,82314281
86;Putumayo;86001;Mocoa;1,26070915;-76,66584349
86;Putumayo;86219;Colón;1,204815876;-76,97376805
86;Putumayo;86320;Orito;0,673756323;-76,94313923
86;Putumayo;86568;Puerto Asís;0,433884539;-76,52158203
86;Putumayo;86569;Puerto Caicedo;0,70416861;-76,49864415
86;Putumayo;86571;Puerto Guzmán;0,746432215;-75,88022979
86;Putumayo;86573;Puerto Leguízamo;0,05947197;-75,06479327
86;Putumayo;86749;Sibundoy;1,228746922;-76,91307585
86;Putumayo;86755;San Francisco;1,136071096;-76,84726661
86;Putumayo;86757;San Miguel;0,272449048;-76,84510459
86;Putumayo;86760;Santiago;1,036021482;-76,97751684
86;Putumayo;86865;Valle Del Guamuez;0,42012589;-76,77067026
86;Putumayo;86885;Villagarzón;0,911149515;-76,74495447
88;Archipiélago De San Andrés, Providencia Y Santa Catalina;88001;San Andrés;12,54311512;-81,71762382
88;Archipiélago De San Andrés, Providencia Y Santa Catalina;88564;Providencia;13,3511096;-81,37388549
91;Amazonas;91001;Leticia;-3,530058784;-70,04513691
91;Amazonas;91263;El Encanto;-1,997234795;-72,72361566
91;Amazonas;91405;La Chorrera;-1,509799605;-72,44442966
91;Amazonas;91407;La Pedrera;-1,550256503;-69,94602815
91;Amazonas;91430;La Victoria;-0,125016381;-71,10487805
91;Amazonas;91460;Mirití - Paraná;-0,687037553;-71,1855046
91;Amazonas;91530;Puerto Alegría;-0,952145073;-73,75722748
91;Amazonas;91536;Puerto Arica;-1,91085406;-71,1484049
91;Amazonas;91540;Puerto Nariño;-3,631323222;-70,47199039
91;Amazonas;91669;Puerto Santander;-1,101032624;-71,93893358
91;Amazonas;91798;Tarapacá;-2,451794264;-70,00651535
94;Guainía;94001;Inírida;3,516363079;-68,00834728
94;Guainía;94343;Barrancominas;3,140558454;-69,69713423
94;Guainía;94883;San Felipe;2,312179782;-67,52060569
94;Guainía;94884;Puerto Colombia;2,582829542;-68,25799033
94;Guainía;94885;La Guadalupe;1,404540273;-67,001518
94;Guainía;94886;Cacahual;3,38616245;-67,58507998
94;Guainía;94887;Pana Pana;1,981055294;-69,11440036
94;Guainía;94888;Morichal;2,421444806;-69,84001585
95;Guaviare;95001;San José Del Guaviare;2,484286091;-71,91916993
95;Guaviare;95015;Calamar;1,613634284;-73,0342639
95;Guaviare;95025;El Retorno;2,143447362;-72,24364869
95;Guaviare;95200;Miraflores;1,363974932;-72,01810951
97;Vaupés;97001;Mitú;1,06148231;-70,46688401
97;Vaupés;97161;Carurú;1,052762314;-71,33093035
97;Vaupés;97511;Pacoa;-0,00834364;-70,5433061
97;Vaupés;97666;Taraira;-0,719822209;-69,90776202
97;Vaupés;97777;Papunahua;1,569312273;-70,91166315
97;Vaupés;97889;Yavaraté;0,833312241;-69,61867754
99;Vichada;99001;Puerto Carreño;5,836529669;-68,14122234
99;Vichada;99524;La Primavera;5,517593607;-69,62044054
99;Vichada;99624;Santa Rosalía;4,968581012;-70,65997097
99;Vichada;99773;Cumaribo;4,262454746;-69,52140484
